State,County,Rural_urban_continuum_code_2013,Urban_influence_code_2013,Metro_2013,Civilian_labor_force_2000,Employed_2000,Unemployed_2000,Unemployment_rate_2000,Civilian_labor_force_2001,Employed_2001,Unemployed_2001,Unemployment_rate_2001,Civilian_labor_force_2002,Employed_2002,Unemployed_2002,Unemployment_rate_2002,Civilian_labor_force_2003,Employed_2003,Unemployed_2003,Unemployment_rate_2003,Civilian_labor_force_2004,Employed_2004,Unemployed_2004,Unemployment_rate_2004,Civilian_labor_force_2005,Employed_2005,Unemployed_2005,Unemployment_rate_2005,Civilian_labor_force_2006,Employed_2006,Unemployed_2006,Unemployment_rate_2006,Civilian_labor_force_2007,Employed_2007,Unemployed_2007,Unemployment_rate_2007,Civilian_labor_force_2008,Employed_2008,Unemployed_2008,Unemployment_rate_2008,Civilian_labor_force_2009,Employed_2009,Unemployed_2009,Unemployment_rate_2009,Civilian_labor_force_2010,Employed_2010,Unemployed_2010,Unemployment_rate_2010,Civilian_labor_force_2011,Employed_2011,Unemployed_2011,Unemployment_rate_2011,Civilian_labor_force_2012,Employed_2012,Unemployed_2012,Unemployment_rate_2012,Civilian_labor_force_2013,Employed_2013,Unemployed_2013,Unemployment_rate_2013,Civilian_labor_force_2014,Employed_2014,Unemployed_2014,Unemployment_rate_2014,Civilian_labor_force_2015,Employed_2015,Unemployed_2015,Unemployment_rate_2015,Civilian_labor_force_2016,Employed_2016,Unemployed_2016,Unemployment_rate_2016,Civilian_labor_force_2017,Employed_2017,Unemployed_2017,Unemployment_rate_2017,Civilian_labor_force_2018,Employed_2018,Unemployed_2018,Unemployment_rate_2018,Civilian_labor_force_2019,Employed_2019,Unemployed_2019,Unemployment_rate_2019,Civilian_labor_force_2020,Employed_2020,Unemployed_2020,Unemployment_rate_2020,Median_Household_Income_2019,Med_HH_Income_Percent_of_State_Total_2019
WI,Wisconsin,,,,"2,985,643","2,884,737","100,906",3.4,"3,017,681","2,884,305","133,376",4.4,"3,016,760","2,856,234","160,526",5.3,"3,045,298","2,873,956","171,342",5.6,"3,034,621","2,883,573","151,048",5,"3,029,662","2,885,671","143,991",4.8,"3,066,266","2,923,575","142,691",4.7,"3,087,598","2,938,876","148,722",4.8,"3,098,931","2,945,874","153,057",4.9,"3,112,494","2,833,292","279,202",9,"3,082,935","2,820,620","262,315",8.5,"3,072,157","2,839,987","232,170",7.6,"3,070,033","2,857,150","212,883",6.9,"3,077,801","2,871,988","205,813",6.7,"3,077,981","2,913,764","164,217",5.3,"3,084,207","2,947,048","137,159",4.4,"3,110,466","2,988,744","121,722",3.9,"3,122,309","3,020,168","102,141",3.3,"3,106,532","3,012,801","93,731",3,"3,094,325","2,993,025","101,300",3.3,"3,065,402","2,872,609","192,793",6.3,"64,177",100
WI,Adams,8,6,0,"8,892","8,502",390,4.4,"9,093","8,632",461,5.1,"9,173","8,642",531,5.8,"9,260","8,718",542,5.9,"9,481","8,833",648,6.8,"9,705","9,030",675,7,"9,924","9,274",650,6.5,"10,100","9,446",654,6.5,"10,077","9,366",711,7.1,"10,038","8,934","1,104",11,"9,135","8,022","1,113",12.2,"9,029","7,990","1,039",11.5,"8,967","8,002",965,10.8,"8,721","7,779",942,10.8,"8,383","7,652",731,8.7,"8,302","7,713",589,7.1,"8,255","7,770",485,5.9,"8,208","7,793",415,5.1,"8,147","7,761",386,4.7,"8,120","7,717",403,5,"8,047","7,281",766,9.5,"53,156",82.8
WI,Ashland,7,11,0,"8,904","8,434",470,5.3,"9,129","8,592",537,5.9,"9,240","8,562",678,7.3,"9,240","8,583",657,7.1,"9,286","8,736",550,5.9,"9,283","8,736",547,5.9,"9,270","8,717",553,6,"9,056","8,522",534,5.9,"9,006","8,459",547,6.1,"9,179","8,222",957,10.4,"8,409","7,495",914,10.9,"8,281","7,463",818,9.9,"8,221","7,473",748,9.1,"8,156","7,416",740,9.1,"8,041","7,447",594,7.4,"7,901","7,418",483,6.1,"7,929","7,510",419,5.3,"7,868","7,511",357,4.5,"7,876","7,539",337,4.3,"7,841","7,473",368,4.7,"7,686","7,035",651,8.5,"47,202",73.5
WI,Barron,6,6,0,"24,959","23,987",972,3.9,"25,291","24,093","1,198",4.7,"25,401","24,035","1,366",5.4,"25,895","24,339","1,556",6,"25,622","24,209","1,413",5.5,"25,511","24,177","1,334",5.2,"25,608","24,217","1,391",5.4,"25,028","23,575","1,453",5.8,"25,144","23,690","1,454",5.8,"25,250","22,872","2,378",9.4,"23,801","21,635","2,166",9.1,"23,690","21,730","1,960",8.3,"23,679","21,838","1,841",7.8,"23,633","21,874","1,759",7.4,"24,043","22,676","1,367",5.7,"24,396","23,207","1,189",4.9,"24,277","23,203","1,074",4.4,"24,621","23,765",856,3.5,"24,809","23,971",838,3.4,"24,276","23,332",944,3.9,"23,873","22,413","1,460",6.1,"54,372",84.7
WI,Bayfield,8,6,0,"7,715","7,309",406,5.3,"7,948","7,501",447,5.6,"8,000","7,494",506,6.3,"8,063","7,537",526,6.5,"8,225","7,705",520,6.3,"8,225","7,725",500,6.1,"8,285","7,763",522,6.3,"8,166","7,636",530,6.5,"8,066","7,521",545,6.8,"8,063","7,294",769,9.5,"7,687","6,852",835,10.9,"7,720","6,909",811,10.5,"7,781","6,955",826,10.6,"7,753","6,908",845,10.9,"7,528","6,817",711,9.4,"7,505","6,894",611,8.1,"7,507","7,003",504,6.7,"7,555","7,165",390,5.2,"7,543","7,175",368,4.9,"7,531","7,120",411,5.5,"7,399","6,711",688,9.3,"58,065",90.5
WI,Brown,2,2,1,"131,182","127,485","3,697",2.8,"132,306","127,088","5,218",3.9,"133,527","126,826","6,701",5,"135,837","128,732","7,105",5.2,"137,010","130,674","6,336",4.6,"136,051","129,918","6,133",4.5,"137,297","131,162","6,135",4.5,"139,062","132,783","6,279",4.5,"139,615","133,165","6,450",4.6,"141,515","130,122","11,393",8.1,"137,237","126,621","10,616",7.7,"137,281","127,649","9,632",7,"137,514","128,632","8,882",6.5,"138,007","129,515","8,492",6.2,"138,288","131,689","6,599",4.8,"138,906","133,376","5,530",4,"140,794","135,820","4,974",3.5,"142,289","138,115","4,174",2.9,"142,099","138,170","3,929",2.8,"141,022","136,714","4,308",3.1,"140,454","132,013","8,441",6,"65,494",102.1
WI,Buffalo,8,6,0,"7,868","7,585",283,3.6,"8,206","7,840",366,4.5,"8,208","7,802",406,4.9,"8,398","7,967",431,5.1,"8,102","7,746",356,4.4,"8,325","7,988",337,4,"8,543","8,208",335,3.9,"8,235","7,881",354,4.3,"8,155","7,804",351,4.3,"8,341","7,738",603,7.2,"7,203","6,654",549,7.6,"6,941","6,472",469,6.8,"6,631","6,222",409,6.2,"6,550","6,123",427,6.5,"6,454","6,096",358,5.5,"6,518","6,206",312,4.8,"6,553","6,268",285,4.3,"6,560","6,315",245,3.7,"6,571","6,345",226,3.4,"6,422","6,160",262,4.1,"6,336","5,865",471,7.4,"58,407",91
WI,Burnett,8,4,0,"7,788","7,490",298,3.8,"8,088","7,669",419,5.2,"8,169","7,693",476,5.8,"8,447","7,984",463,5.5,"8,436","7,966",470,5.6,"8,429","7,956",473,5.6,"8,487","7,999",488,5.7,"8,107","7,560",547,6.7,"7,922","7,351",571,7.2,"8,024","7,121",903,11.3,"7,576","6,752",824,10.9,"7,560","6,802",758,10,"7,528","6,859",669,8.9,"7,482","6,852",630,8.4,"7,357","6,774",583,7.9,"7,249","6,754",495,6.8,"7,152","6,735",417,5.8,"7,322","6,970",352,4.8,"7,266","6,933",333,4.6,"7,103","6,735",368,5.2,"7,157","6,509",648,9.1,"51,519",80.3
WI,Calumet,3,2,1,"24,108","23,464",644,2.7,"24,452","23,479",973,4,"24,780","23,530","1,250",5,"25,279","24,040","1,239",4.9,"25,154","24,131","1,023",4.1,"25,163","24,130","1,033",4.1,"25,414","24,393","1,021",4,"25,550","24,356","1,194",4.7,"25,705","24,596","1,109",4.3,"25,724","23,674","2,050",8,"27,315","25,477","1,838",6.7,"27,464","25,878","1,586",5.8,"27,271","25,837","1,434",5.3,"27,175","25,755","1,420",5.2,"27,116","25,996","1,120",4.1,"27,398","26,443",955,3.5,"27,650","26,782",868,3.1,"27,821","27,046",775,2.8,"27,598","26,881",717,2.6,"27,379","26,622",757,2.8,"27,096","25,825","1,271",4.7,"80,354",125.2
WI,Chippewa,3,2,1,"29,979","28,730","1,249",4.2,"30,645","28,966","1,679",5.5,"30,903","28,917","1,986",6.4,"31,732","29,731","2,001",6.3,"32,124","30,322","1,802",5.6,"32,733","30,966","1,767",5.4,"33,687","31,978","1,709",5.1,"33,797","32,007","1,790",5.3,"33,420","31,644","1,776",5.3,"33,271","30,335","2,936",8.8,"33,193","30,454","2,739",8.3,"33,303","30,787","2,516",7.6,"33,225","31,011","2,214",6.7,"32,966","30,759","2,207",6.7,"33,022","31,269","1,753",5.3,"33,064","31,542","1,522",4.6,"33,263","31,887","1,376",4.1,"33,340","32,178","1,162",3.5,"33,217","32,122","1,095",3.3,"33,240","32,004","1,236",3.7,"32,978","30,930","2,048",6.2,"60,713",94.6
WI,Clark,6,6,0,"17,534","16,789",745,4.2,"18,004","16,967","1,037",5.8,"17,852","16,794","1,058",5.9,"18,411","17,291","1,120",6.1,"17,723","16,733",990,5.6,"17,671","16,694",977,5.5,"17,846","16,895",951,5.3,"17,795","16,794","1,001",5.6,"17,591","16,604",987,5.6,"17,924","16,159","1,765",9.8,"17,265","15,514","1,751",10.1,"17,276","15,861","1,415",8.2,"17,077","15,829","1,248",7.3,"17,122","15,923","1,199",7,"16,947","16,035",912,5.4,"17,384","16,641",743,4.3,"17,481","16,817",664,3.8,"17,909","17,367",542,3,"17,952","17,435",517,2.9,"17,650","17,081",569,3.2,"17,401","16,615",786,4.5,"54,296",84.6
WI,Columbia,2,2,1,"29,829","28,768","1,061",3.6,"30,642","29,316","1,326",4.3,"30,772","29,197","1,575",5.1,"31,160","29,433","1,727",5.5,"31,422","29,959","1,463",4.7,"31,668","30,261","1,407",4.4,"31,697","30,232","1,465",4.6,"31,153","29,609","1,544",5,"31,134","29,538","1,596",5.1,"31,243","28,536","2,707",8.7,"32,089","29,428","2,661",8.3,"31,710","29,271","2,439",7.7,"31,289","29,056","2,233",7.1,"31,221","29,195","2,026",6.5,"31,157","29,537","1,620",5.2,"31,265","29,930","1,335",4.3,"31,490","30,384","1,106",3.5,"31,619","30,688",931,2.9,"31,341","30,489",852,2.7,"31,552","30,599",953,3,"31,281","29,438","1,843",5.9,"69,219",107.9
WI,Crawford,7,9,0,"9,138","8,808",330,3.6,"9,299","8,824",475,5.1,"9,272","8,760",512,5.5,"9,370","8,788",582,6.2,"9,435","8,934",501,5.3,"9,581","9,114",467,4.9,"9,688","9,220",468,4.8,"9,723","9,205",518,5.3,"9,611","9,033",578,6,"9,426","8,458",968,10.3,"8,367","7,506",861,10.3,"8,431","7,672",759,9,"8,288","7,598",690,8.3,"8,120","7,460",660,8.1,"7,975","7,420",555,7,"7,882","7,432",450,5.7,"7,899","7,523",376,4.8,"7,855","7,531",324,4.1,"7,805","7,517",288,3.7,"7,551","7,239",312,4.1,"7,453","6,908",545,7.3,"51,919",80.9
WI,Dane,2,2,1,"265,510","259,409","6,101",2.3,"272,937","265,366","7,571",2.8,"276,599","267,211","9,388",3.4,"279,835","269,646","10,189",3.6,"283,277","274,216","9,061",3.2,"286,385","277,382","9,003",3.1,"289,478","280,189","9,289",3.2,"292,864","282,907","9,957",3.4,"296,424","286,154","10,270",3.5,"299,671","281,543","18,128",6,"293,554","276,445","17,109",5.8,"294,807","279,539","15,268",5.2,"297,195","282,929","14,266",4.8,"301,102","287,097","14,005",4.7,"305,442","294,301","11,141",3.6,"310,088","300,430","9,658",3.1,"316,992","308,144","8,848",2.8,"319,483","311,811","7,672",2.4,"318,740","311,552","7,188",2.3,"323,055","315,338","7,717",2.4,"319,433","304,154","15,279",4.8,"77,828",121.3
WI,Dodge,4,3,0,"47,494","45,999","1,495",3.1,"47,570","45,209","2,361",5,"46,482","43,913","2,569",5.5,"47,429","44,611","2,818",5.9,"47,041","44,559","2,482",5.3,"46,713","44,421","2,292",4.9,"47,273","44,952","2,321",4.9,"46,910","44,568","2,342",5,"47,323","44,901","2,422",5.1,"47,482","42,710","4,772",10.1,"47,372","43,170","4,202",8.9,"47,513","43,897","3,616",7.6,"47,681","44,325","3,356",7,"47,360","44,131","3,229",6.8,"47,472","44,958","2,514",5.3,"47,425","45,384","2,041",4.3,"47,741","46,043","1,698",3.6,"48,256","46,862","1,394",2.9,"47,779","46,519","1,260",2.6,"47,281","45,884","1,397",3,"47,213","44,729","2,484",5.3,"61,730",96.2
WI,Door,6,6,0,"16,460","15,817",643,3.9,"17,068","16,268",800,4.7,"17,173","16,287",886,5.2,"16,994","15,738","1,256",7.4,"16,753","15,741","1,012",6,"16,701","15,776",925,5.5,"16,698","15,812",886,5.3,"17,009","16,104",905,5.3,"17,200","16,262",938,5.5,"17,455","15,842","1,613",9.2,"15,760","14,017","1,743",11.1,"15,555","13,736","1,819",11.7,"15,735","14,145","1,590",10.1,"15,732","14,191","1,541",9.8,"15,349","14,112","1,237",8.1,"15,436","14,433","1,003",6.5,"15,457","14,712",745,4.8,"15,519","14,928",591,3.8,"15,356","14,804",552,3.6,"15,262","14,700",562,3.7,"14,905","13,886","1,019",6.8,"64,217",100.1
WI,Douglas,2,2,1,"22,758","21,786",972,4.3,"22,634","21,515","1,119",4.9,"22,758","21,408","1,350",5.9,"22,908","21,490","1,418",6.2,"22,890","21,566","1,324",5.8,"22,750","21,545","1,205",5.3,"23,121","21,977","1,144",4.9,"23,173","22,034","1,139",4.9,"23,433","22,189","1,244",5.3,"23,591","21,570","2,021",8.6,"23,748","21,809","1,939",8.2,"23,563","21,833","1,730",7.3,"23,405","21,825","1,580",6.8,"23,564","22,015","1,549",6.6,"23,512","22,196","1,316",5.6,"23,293","22,165","1,128",4.8,"23,499","22,295","1,204",5.1,"23,472","22,432","1,040",4.4,"23,127","22,207",920,4,"22,949","22,008",941,4.1,"22,886","20,786","2,100",9.2,"55,651",86.7
WI,Dunn,6,3,0,"22,491","21,733",758,3.4,"22,866","21,930",936,4.1,"23,196","22,099","1,097",4.7,"23,982","22,768","1,214",5.1,"23,964","22,867","1,097",4.6,"24,194","23,133","1,061",4.4,"23,943","22,866","1,077",4.5,"25,963","24,816","1,147",4.4,"25,608","24,460","1,148",4.5,"25,870","23,916","1,954",7.6,"23,262","21,457","1,805",7.8,"23,323","21,656","1,667",7.1,"23,405","21,890","1,515",6.5,"23,538","22,051","1,487",6.3,"23,611","22,397","1,214",5.1,"23,715","22,673","1,042",4.4,"24,257","23,290",967,4,"24,372","23,578",794,3.3,"24,272","23,530",742,3.1,"24,043","23,209",834,3.5,"23,606","22,303","1,303",5.5,"61,506",95.8
WI,EauClaire,3,2,1,"53,197","51,512","1,685",3.2,"53,818","51,704","2,114",3.9,"53,876","51,435","2,441",4.5,"54,673","52,084","2,589",4.7,"53,914","51,586","2,328",4.3,"53,915","51,712","2,203",4.1,"55,636","53,459","2,177",3.9,"57,278","54,918","2,360",4.1,"57,125","54,738","2,387",4.2,"56,993","52,939","4,054",7.1,"57,161","53,258","3,903",6.8,"57,621","54,016","3,605",6.3,"58,200","54,878","3,322",5.7,"57,905","54,654","3,251",5.6,"57,929","55,365","2,564",4.4,"58,024","55,864","2,160",3.7,"58,728","56,769","1,959",3.3,"59,115","57,401","1,714",2.9,"58,828","57,286","1,542",2.6,"58,591","56,839","1,752",3,"58,299","55,064","3,235",5.5,"64,972",101.2
WI,Florence,9,8,0,"2,621","2,514",107,4.1,"2,653","2,530",123,4.6,"2,732","2,561",171,6.3,"2,677","2,504",173,6.5,"2,642","2,475",167,6.3,"2,565","2,390",175,6.8,"2,589","2,420",169,6.5,"2,499","2,353",146,5.8,"2,464","2,317",147,6,"2,421","2,159",262,10.8,"2,248","2,019",229,10.2,"2,204","1,990",214,9.7,"2,208","2,027",181,8.2,"2,196","2,015",181,8.2,"2,202","2,040",162,7.4,"2,206","2,061",145,6.6,"2,221","2,093",128,5.8,"2,280","2,174",106,4.6,"2,257","2,172",85,3.8,"2,202","2,100",102,4.6,"2,191","2,016",175,8,"58,270",90.8
WI,FondduLac,3,2,1,"55,774","54,102","1,672",3,"56,371","54,069","2,302",4.1,"56,863","54,064","2,799",4.9,"56,867","53,836","3,031",5.3,"56,514","53,875","2,639",4.7,"56,026","53,441","2,585",4.6,"56,596","53,971","2,625",4.6,"56,879","54,238","2,641",4.6,"57,058","54,298","2,760",4.8,"56,468","51,152","5,316",9.4,"56,550","51,832","4,718",8.3,"56,084","52,087","3,997",7.1,"56,061","52,476","3,585",6.4,"57,054","53,569","3,485",6.1,"57,050","54,285","2,765",4.8,"56,896","54,630","2,266",4,"56,786","54,835","1,951",3.4,"56,867","55,260","1,607",2.8,"57,009","55,492","1,517",2.7,"57,008","55,360","1,648",2.9,"56,114","52,828","3,286",5.9,"65,905",102.7
WI,Forest,9,12,0,"4,643","4,381",262,5.6,"4,936","4,630",306,6.2,"4,935","4,588",347,7,"5,087","4,726",361,7.1,"5,016","4,703",313,6.2,"4,964","4,619",345,7,"5,020","4,693",327,6.5,"5,024","4,672",352,7,"4,896","4,551",345,7,"4,998","4,463",535,10.7,"4,253","3,764",489,11.5,"4,173","3,700",473,11.3,"4,135","3,687",448,10.8,"4,078","3,634",444,10.9,"4,016","3,672",344,8.6,"3,984","3,693",291,7.3,"3,987","3,745",242,6.1,"4,013","3,812",201,5,"3,960","3,769",191,4.8,"3,994","3,792",202,5.1,"3,890","3,407",483,12.4,"48,964",76.3
WI,Grant,6,5,0,"27,467","26,566",901,3.3,"28,236","26,956","1,280",4.5,"28,084","26,735","1,349",4.8,"28,718","27,251","1,467",5.1,"27,421","26,177","1,244",4.5,"26,959","25,782","1,177",4.4,"27,238","26,040","1,198",4.4,"28,220","26,887","1,333",4.7,"28,179","26,806","1,373",4.9,"28,835","26,572","2,263",7.8,"27,797","25,721","2,076",7.5,"27,864","26,019","1,845",6.6,"27,669","26,042","1,627",5.9,"27,643","26,026","1,617",5.8,"27,708","26,394","1,314",4.7,"28,094","26,891","1,203",4.3,"28,126","27,054","1,072",3.8,"28,104","27,224",880,3.1,"28,130","27,339",791,2.8,"27,658","26,782",876,3.2,"27,311","25,875","1,436",5.3,"56,418",87.9
WI,Green,2,2,1,"20,055","19,428",627,3.1,"20,125","19,293",832,4.1,"20,068","19,069",999,5,"20,003","18,929","1,074",5.4,"19,618","18,742",876,4.5,"20,064","19,175",889,4.4,"20,322","19,445",877,4.3,"20,353","19,413",940,4.6,"20,403","19,436",967,4.7,"20,417","18,521","1,896",9.3,"21,288","19,617","1,671",7.8,"21,076","19,667","1,409",6.7,"20,806","19,530","1,276",6.1,"20,856","19,672","1,184",5.7,"20,815","19,890",925,4.4,"21,042","20,259",783,3.7,"21,153","20,466",687,3.2,"21,061","20,485",576,2.7,"20,978","20,437",541,2.6,"20,979","20,389",590,2.8,"20,555","19,570",985,4.8,"64,319",100.2
WI,GreenLake,6,6,0,"10,737","10,317",420,3.9,"10,960","10,383",577,5.3,"10,875","10,178",697,6.4,"10,871","10,120",751,6.9,"10,623","10,008",615,5.8,"10,309","9,707",602,5.8,"10,467","9,898",569,5.4,"10,496","9,935",561,5.3,"10,424","9,837",587,5.6,"10,287","9,254","1,033",10,"10,311","9,368",943,9.1,"10,357","9,531",826,8,"10,300","9,539",761,7.4,"10,202","9,398",804,7.9,"10,031","9,396",635,6.3,"9,966","9,439",527,5.3,"9,733","9,270",463,4.8,"9,679","9,318",361,3.7,"9,669","9,346",323,3.3,"9,417","9,058",359,3.8,"9,253","8,616",637,6.9,"59,458",92.6
WI,Iowa,2,2,1,"13,649","13,267",382,2.8,"13,958","13,468",490,3.5,"14,010","13,435",575,4.1,"14,076","13,467",609,4.3,"14,146","13,584",562,4,"14,301","13,702",599,4.2,"14,392","13,779",613,4.3,"14,048","13,423",625,4.4,"14,100","13,435",665,4.7,"14,064","12,928","1,136",8.1,"13,779","12,665","1,114",8.1,"13,721","12,738",983,7.2,"13,534","12,646",888,6.6,"13,541","12,670",871,6.4,"13,537","12,854",683,5,"13,659","13,093",566,4.1,"13,661","13,195",466,3.4,"13,758","13,355",403,2.9,"13,738","13,378",360,2.6,"13,620","13,236",384,2.8,"13,502","12,678",824,6.1,"67,390",105
WI,Iron,9,12,0,"3,269","3,047",222,6.8,"3,277","3,023",254,7.8,"3,351","3,048",303,9,"3,360","3,044",316,9.4,"3,305","3,009",296,9,"3,197","2,931",266,8.3,"3,191","2,934",257,8.1,"3,063","2,821",242,7.9,"3,032","2,789",243,8,"3,006","2,626",380,12.6,"2,882","2,560",322,11.2,"2,746","2,459",287,10.5,"2,778","2,492",286,10.3,"2,726","2,436",290,10.6,"2,675","2,425",250,9.3,"2,612","2,388",224,8.6,"2,629","2,438",191,7.3,"2,599","2,439",160,6.2,"2,564","2,415",149,5.8,"2,529","2,380",149,5.9,"2,547","2,261",286,11.2,"48,813",76.1
WI,Jackson,6,6,0,"9,810","9,365",445,4.5,"9,810","9,248",562,5.7,"9,863","9,268",595,6,"10,140","9,547",593,5.8,"9,899","9,354",545,5.5,"9,844","9,281",563,5.7,"10,006","9,464",542,5.4,"9,861","9,314",547,5.5,"9,815","9,250",565,5.8,"10,022","9,090",932,9.3,"10,128","9,259",869,8.6,"10,200","9,405",795,7.8,"10,302","9,562",740,7.2,"10,145","9,434",711,7,"10,192","9,604",588,5.8,"10,321","9,840",481,4.7,"10,298","9,859",439,4.3,"10,391","10,045",346,3.3,"10,526","10,197",329,3.1,"10,205","9,817",388,3.8,"9,877","8,959",918,9.3,"57,247",89.2
WI,Jefferson,4,3,0,"43,287","42,041","1,246",2.9,"43,157","41,449","1,708",4,"42,501","40,470","2,031",4.8,"43,211","41,004","2,207",5.1,"43,319","41,170","2,149",5,"42,702","40,769","1,933",4.5,"42,931","41,008","1,923",4.5,"42,241","40,221","2,020",4.8,"42,508","40,414","2,094",4.9,"42,865","38,756","4,109",9.6,"46,492","42,510","3,982",8.6,"46,326","42,905","3,421",7.4,"46,162","43,132","3,030",6.6,"45,899","43,042","2,857",6.2,"45,761","43,512","2,249",4.9,"45,541","43,657","1,884",4.1,"45,585","43,852","1,733",3.8,"45,472","44,028","1,444",3.2,"45,876","44,556","1,320",2.9,"45,660","44,264","1,396",3.1,"45,213","42,762","2,451",5.4,"71,098",110.8
WI,Juneau,7,9,0,"12,815","12,185",630,4.9,"13,145","12,308",837,6.4,"13,023","12,075",948,7.3,"13,117","12,156",961,7.3,"13,149","12,318",831,6.3,"13,351","12,541",810,6.1,"13,506","12,740",766,5.7,"13,295","12,506",789,5.9,"13,394","12,587",807,6,"13,616","12,194","1,422",10.4,"13,697","12,359","1,338",9.8,"13,671","12,446","1,225",9,"13,564","12,444","1,120",8.3,"13,474","12,387","1,087",8.1,"13,366","12,515",851,6.4,"13,475","12,799",676,5,"13,498","12,916",582,4.3,"13,546","13,097",449,3.3,"13,453","13,041",412,3.1,"13,399","12,965",434,3.2,"13,280","12,327",953,7.2,"55,787",86.9
WI,Kenosha,1,1,1,"80,882","77,651","3,231",4,"81,328","77,155","4,173",5.1,"81,259","76,397","4,862",6,"82,375","77,265","5,110",6.2,"82,456","77,694","4,762",5.8,"82,600","77,914","4,686",5.7,"82,952","78,551","4,401",5.3,"84,386","80,126","4,260",5,"85,616","80,901","4,715",5.5,"86,569","77,135","9,434",10.9,"85,715","77,060","8,655",10.1,"85,958","78,378","7,580",8.8,"86,713","79,739","6,974",8,"86,909","80,302","6,607",7.6,"86,666","81,481","5,185",6,"87,124","82,773","4,351",5,"88,081","84,061","4,020",4.6,"89,132","85,691","3,441",3.9,"89,146","85,986","3,160",3.5,"89,666","86,204","3,462",3.9,"88,499","82,200","6,299",7.1,"66,460",103.6
WI,Kewaunee,2,2,1,"11,613","11,306",307,2.6,"11,686","11,237",449,3.8,"11,783","11,187",596,5.1,"11,933","11,241",692,5.8,"11,919","11,386",533,4.5,"11,833","11,301",532,4.5,"11,866","11,347",519,4.4,"11,719","11,186",533,4.5,"11,573","11,054",519,4.5,"11,612","10,662",950,8.2,"11,183","10,285",898,8,"11,152","10,347",805,7.2,"11,005","10,296",709,6.4,"10,932","10,239",693,6.3,"10,827","10,289",538,5,"10,867","10,433",434,4,"11,005","10,611",394,3.6,"11,152","10,809",343,3.1,"11,157","10,834",323,2.9,"10,957","10,611",346,3.2,"10,661","10,172",489,4.6,"65,879",102.7
WI,LaCrosse,3,2,1,"61,384","59,438","1,946",3.2,"62,151","59,832","2,319",3.7,"62,262","59,554","2,708",4.3,"62,194","59,374","2,820",4.5,"62,304","59,776","2,528",4.1,"61,605","59,131","2,474",4,"63,831","61,458","2,373",3.7,"64,432","61,952","2,480",3.8,"65,497","62,895","2,602",4,"66,196","61,588","4,608",7,"65,661","61,376","4,285",6.5,"65,443","61,620","3,823",5.8,"66,357","62,801","3,556",5.4,"66,755","63,241","3,514",5.3,"66,625","63,762","2,863",4.3,"66,464","63,958","2,506",3.8,"67,388","65,012","2,376",3.5,"67,445","65,484","1,961",2.9,"66,673","64,918","1,755",2.6,"65,843","63,970","1,873",2.8,"64,982","61,467","3,515",5.4,"59,758",93.1
WI,Lafayette,8,7,0,"9,185","8,917",268,2.9,"9,411","9,048",363,3.9,"9,309","8,833",476,5.1,"9,408","8,932",476,5.1,"9,025","8,631",394,4.4,"8,974","8,606",368,4.1,"9,185","8,815",370,4,"9,314","8,935",379,4.1,"9,119","8,730",389,4.3,"9,307","8,604",703,7.6,"9,498","8,830",668,7,"9,461","8,872",589,6.2,"9,390","8,872",518,5.5,"9,346","8,846",500,5.3,"9,391","9,000",391,4.2,"9,725","9,376",349,3.6,"9,818","9,514",304,3.1,"10,121","9,867",254,2.5,"10,171","9,937",234,2.3,"10,048","9,787",261,2.6,"9,785","9,365",420,4.3,"59,128",92.1
WI,Langlade,6,6,0,"10,798","10,306",492,4.6,"11,077","10,403",674,6.1,"11,238","10,489",749,6.7,"11,290","10,452",838,7.4,"10,898","10,187",711,6.5,"10,699","10,061",638,6,"10,880","10,237",643,5.9,"10,686","10,039",647,6.1,"10,700","10,042",658,6.1,"11,038","9,869","1,169",10.6,"10,180","9,083","1,097",10.8,"10,032","9,042",990,9.9,"9,957","9,046",911,9.1,"9,808","8,923",885,9,"9,552","8,843",709,7.4,"9,447","8,886",561,5.9,"9,548","9,064",484,5.1,"9,610","9,208",402,4.2,"9,446","9,071",375,4,"9,261","8,885",376,4.1,"9,285","8,684",601,6.5,"49,597",77.3
WI,Lincoln,6,5,0,"16,154","15,489",665,4.1,"16,272","15,455",817,5,"16,202","15,216",986,6.1,"16,259","15,216","1,043",6.4,"15,995","15,099",896,5.6,"15,870","15,005",865,5.5,"15,935","15,066",869,5.5,"15,566","14,702",864,5.6,"15,581","14,681",900,5.8,"15,667","13,830","1,837",11.7,"15,664","13,920","1,744",11.1,"15,287","13,819","1,468",9.6,"15,087","13,730","1,357",9,"15,173","13,919","1,254",8.3,"15,356","14,415",941,6.1,"15,217","14,475",742,4.9,"15,218","14,570",648,4.3,"15,447","14,901",546,3.5,"15,208","14,730",478,3.1,"14,988","14,444",544,3.6,"14,677","13,805",872,5.9,"60,728",94.6
WI,Manitowoc,4,5,0,"47,025","45,514","1,511",3.2,"47,335","44,937","2,398",5.1,"46,166","43,371","2,795",6.1,"46,325","43,142","3,183",6.9,"45,794","43,069","2,725",6,"45,344","43,112","2,232",4.9,"45,515","43,301","2,214",4.9,"44,704","42,310","2,394",5.4,"45,306","43,027","2,279",5,"46,514","41,680","4,834",10.4,"44,618","40,294","4,324",9.7,"44,389","40,740","3,649",8.2,"43,634","40,297","3,337",7.6,"42,680","39,554","3,126",7.3,"42,506","39,973","2,533",6,"41,789","39,741","2,048",4.9,"41,731","39,977","1,754",4.2,"41,575","40,115","1,460",3.5,"41,054","39,780","1,274",3.1,"40,745","39,387","1,358",3.3,"40,419","37,911","2,508",6.2,"61,326",95.6
WI,Marathon,3,2,1,"72,096","69,750","2,346",3.3,"72,919","69,957","2,962",4.1,"73,203","69,737","3,466",4.7,"74,120","70,518","3,602",4.9,"73,466","70,295","3,171",4.3,"74,573","71,495","3,078",4.1,"75,355","72,176","3,179",4.2,"75,973","72,711","3,262",4.3,"75,565","72,086","3,479",4.6,"75,251","68,365","6,886",9.2,"73,558","66,842","6,716",9.1,"72,541","66,963","5,578",7.7,"71,558","66,398","5,160",7.2,"72,105","67,301","4,804",6.7,"73,076","69,446","3,630",5,"73,287","70,401","2,886",3.9,"73,437","70,883","2,554",3.5,"73,637","71,482","2,155",2.9,"73,641","71,682","1,959",2.7,"73,092","71,013","2,079",2.8,"72,313","68,711","3,602",5,"66,092",103
WI,Marinette,6,5,0,"22,489","21,510",979,4.4,"22,673","21,322","1,351",6,"22,807","21,279","1,528",6.7,"23,321","21,631","1,690",7.2,"22,881","21,405","1,476",6.5,"22,414","21,056","1,358",6.1,"22,059","20,659","1,400",6.3,"22,331","20,960","1,371",6.1,"22,125","20,759","1,366",6.2,"22,571","19,846","2,725",12.1,"21,383","19,056","2,327",10.9,"21,464","19,434","2,030",9.5,"21,419","19,658","1,761",8.2,"21,441","19,754","1,687",7.9,"21,067","19,664","1,403",6.7,"20,691","19,515","1,176",5.7,"20,173","19,094","1,079",5.3,"19,695","18,827",868,4.4,"19,528","18,742",786,4,"19,336","18,469",867,4.5,"19,504","17,981","1,523",7.8,"54,404",84.8
WI,Marquette,8,7,0,"7,521","7,130",391,5.2,"7,730","7,232",498,6.4,"7,782","7,213",569,7.3,"7,988","7,345",643,8,"7,917","7,398",519,6.6,"7,872","7,388",484,6.1,"7,850","7,388",462,5.9,"7,923","7,447",476,6,"7,842","7,339",503,6.4,"7,823","6,983",840,10.7,"7,685","6,870",815,10.6,"7,583","6,850",733,9.7,"7,564","6,910",654,8.6,"7,505","6,877",628,8.4,"7,316","6,799",517,7.1,"7,476","7,028",448,6,"7,532","7,159",373,5,"7,581","7,292",289,3.8,"7,665","7,393",272,3.5,"7,697","7,402",295,3.8,"7,650","7,136",514,6.7,"56,790",88.5
WI,Menominee,8,5,0,"1,640","1,496",144,8.8,"1,685","1,503",182,10.8,"1,719","1,506",213,12.4,"1,713","1,525",188,11,"1,661","1,478",183,11,"1,647","1,482",165,10,"1,671","1,488",183,11,"1,648","1,479",169,10.3,"1,647","1,470",177,10.7,"1,650","1,411",239,14.5,"1,548","1,282",266,17.2,"1,595","1,327",268,16.8,"1,585","1,330",255,16.1,"1,571","1,324",247,15.7,"1,596","1,401",195,12.2,"1,598","1,447",151,9.4,"1,569","1,452",117,7.5,"1,602","1,507",95,5.9,"1,618","1,525",93,5.7,"1,587","1,459",128,8.1,"1,649","1,396",253,15.3,"40,300",62.8
WI,Milwaukee,1,1,1,"476,716","456,488","20,228",4.2,"473,934","448,487","25,447",5.4,"466,959","436,149","30,810",6.6,"464,830","432,283","32,547",7,"458,517","429,919","28,598",6.2,"452,601","426,508","26,093",5.8,"455,915","430,420","25,495",5.6,"469,623","442,863","26,760",5.7,"470,352","443,464","26,888",5.7,"469,652","423,341","46,311",9.9,"476,599","429,808","46,791",9.8,"476,301","433,145","43,156",9.1,"475,758","435,411","40,347",8.5,"478,784","438,862","39,922",8.3,"478,001","445,584","32,417",6.8,"475,735","448,993","26,742",5.6,"475,320","452,193","23,127",4.9,"473,509","454,446","19,063",4,"466,786","449,692","17,094",3.7,"463,698","445,487","18,211",3.9,"463,420","425,483","37,937",8.2,"53,505",83.4
WI,Monroe,6,6,0,"21,647","20,856",791,3.7,"22,360","21,335","1,025",4.6,"22,499","21,398","1,101",4.9,"23,295","22,132","1,163",5,"23,208","22,239",969,4.2,"23,396","22,439",957,4.1,"23,970","22,959","1,011",4.2,"24,073","22,982","1,091",4.5,"24,518","23,365","1,153",4.7,"24,868","22,882","1,986",8,"23,140","21,330","1,810",7.8,"23,132","21,473","1,659",7.2,"22,759","21,126","1,633",7.2,"22,756","21,199","1,557",6.8,"22,520","21,321","1,199",5.3,"22,778","21,787",991,4.4,"22,965","22,110",855,3.7,"23,445","22,759",686,2.9,"23,454","22,809",645,2.8,"23,269","22,583",686,2.9,"23,363","22,075","1,288",5.5,"60,296",94
WI,Oconto,2,2,1,"19,425","18,745",680,3.5,"19,815","18,760","1,055",5.3,"19,935","18,693","1,242",6.2,"20,453","19,026","1,427",7,"20,605","19,307","1,298",6.3,"20,280","19,114","1,166",5.7,"20,581","19,348","1,233",6,"20,346","19,101","1,245",6.1,"20,337","19,040","1,297",6.4,"20,688","18,246","2,442",11.8,"21,337","19,085","2,252",10.6,"21,058","19,086","1,972",9.4,"20,629","18,927","1,702",8.3,"20,447","18,882","1,565",7.7,"20,321","19,079","1,242",6.1,"20,288","19,266","1,022",5,"20,406","19,527",879,4.3,"20,578","19,854",724,3.5,"20,687","20,001",686,3.3,"20,413","19,689",724,3.5,"20,241","18,962","1,279",6.3,"66,401",103.5
WI,Oneida,7,9,0,"19,741","18,779",962,4.9,"19,998","18,896","1,102",5.5,"20,367","19,033","1,334",6.5,"20,465","19,046","1,419",6.9,"20,641","19,402","1,239",6,"20,289","19,112","1,177",5.8,"20,113","18,958","1,155",5.7,"19,426","18,247","1,179",6.1,"19,246","18,055","1,191",6.2,"19,058","17,124","1,934",10.1,"19,067","17,161","1,906",10,"18,839","17,111","1,728",9.2,"19,109","17,473","1,636",8.6,"18,586","17,004","1,582",8.5,"18,743","17,497","1,246",6.6,"18,582","17,536","1,046",5.6,"18,531","17,654",877,4.7,"18,300","17,604",696,3.8,"18,081","17,435",646,3.6,"17,802","17,051",751,4.2,"17,800","16,508","1,292",7.3,"62,765",97.8
WI,Outagamie,3,2,1,"93,237","90,549","2,688",2.9,"94,106","90,304","3,802",4,"94,349","89,292","5,057",5.4,"95,673","90,331","5,342",5.6,"95,125","90,561","4,564",4.8,"95,124","90,816","4,308",4.5,"96,196","91,813","4,383",4.6,"97,151","92,720","4,431",4.6,"98,099","93,480","4,619",4.7,"99,722","91,058","8,664",8.7,"100,664","92,663","8,001",7.9,"100,142","93,255","6,887",6.9,"100,212","93,883","6,329",6.3,"100,461","94,378","6,083",6.1,"101,176","96,425","4,751",4.7,"101,717","97,778","3,939",3.9,"103,617","100,040","3,577",3.5,"103,647","100,539","3,108",3,"102,950","100,051","2,899",2.8,"102,842","99,842","3,000",2.9,"102,786","97,137","5,649",5.5,"66,994",104.4
WI,Ozaukee,1,1,1,"47,531","46,354","1,177",2.5,"47,714","46,091","1,623",3.4,"47,408","45,339","2,069",4.4,"47,751","45,509","2,242",4.7,"47,681","45,940","1,741",3.7,"47,803","46,028","1,775",3.7,"48,640","46,919","1,721",3.5,"47,854","46,054","1,800",3.8,"48,033","46,162","1,871",3.9,"47,739","44,006","3,733",7.8,"47,460","44,157","3,303",7,"47,356","44,532","2,824",6,"47,334","44,774","2,560",5.4,"47,520","45,048","2,472",5.2,"47,895","45,896","1,999",4.2,"48,129","46,393","1,736",3.6,"48,924","47,327","1,597",3.3,"49,003","47,657","1,346",2.7,"49,068","47,823","1,245",2.5,"48,862","47,492","1,370",2.8,"47,963","45,366","2,597",5.4,"90,446",140.9
WI,Pepin,8,4,0,"3,919","3,783",136,3.5,"3,987","3,815",172,4.3,"4,000","3,799",201,5,"4,021","3,825",196,4.9,"3,949","3,748",201,5.1,"3,977","3,770",207,5.2,"4,096","3,905",191,4.7,"4,121","3,915",206,5,"4,105","3,909",196,4.8,"4,148","3,829",319,7.7,"4,098","3,798",300,7.3,"4,092","3,838",254,6.2,"4,073","3,844",229,5.6,"4,030","3,803",227,5.6,"4,026","3,837",189,4.7,"4,097","3,930",167,4.1,"4,155","4,001",154,3.7,"4,202","4,055",147,3.5,"4,207","4,071",136,3.2,"4,131","3,982",149,3.6,"4,080","3,839",241,5.9,"62,675",97.7
WI,Pierce,1,1,1,"22,827","22,251",576,2.5,"22,877","22,119",758,3.3,"22,670","21,716",954,4.2,"23,002","21,979","1,023",4.4,"23,184","22,224",960,4.1,"23,402","22,443",959,4.1,"23,741","22,751",990,4.2,"23,807","22,786","1,021",4.3,"24,088","23,024","1,064",4.4,"23,573","21,698","1,875",8,"24,002","22,368","1,634",6.8,"23,950","22,542","1,408",5.9,"23,874","22,576","1,298",5.4,"23,993","22,737","1,256",5.2,"23,991","22,945","1,046",4.4,"24,077","23,152",925,3.8,"24,617","23,645",972,3.9,"25,084","24,244",840,3.3,"25,366","24,553",813,3.2,"25,228","24,393",835,3.3,"24,779","23,054","1,725",7,"75,368",117.4
WI,Polk,6,4,0,"22,727","21,973",754,3.3,"23,376","22,164","1,212",5.2,"23,446","22,002","1,444",6.2,"23,928","22,285","1,643",6.9,"23,658","22,366","1,292",5.5,"23,933","22,694","1,239",5.2,"24,234","22,859","1,375",5.7,"24,215","22,734","1,481",6.1,"24,118","22,678","1,440",6,"24,388","21,766","2,622",10.8,"24,054","21,702","2,352",9.8,"24,083","22,063","2,020",8.4,"23,969","22,070","1,899",7.9,"24,302","22,582","1,720",7.1,"24,408","23,030","1,378",5.6,"24,544","23,386","1,158",4.7,"24,806","23,701","1,105",4.5,"24,760","23,833",927,3.7,"24,484","23,577",907,3.7,"24,441","23,476",965,3.9,"24,408","22,658","1,750",7.2,"63,910",99.6
WI,Portage,4,5,0,"38,696","37,367","1,329",3.4,"39,032","37,394","1,638",4.2,"39,544","37,598","1,946",4.9,"40,403","38,359","2,044",5.1,"40,533","38,558","1,975",4.9,"39,946","38,105","1,841",4.6,"40,982","39,166","1,816",4.4,"41,954","40,106","1,848",4.4,"42,312","40,377","1,935",4.6,"43,289","40,057","3,232",7.5,"39,885","36,752","3,133",7.9,"38,920","36,062","2,858",7.3,"38,872","36,071","2,801",7.2,"38,939","36,266","2,673",6.9,"39,247","37,092","2,155",5.5,"39,484","37,715","1,769",4.5,"39,386","37,920","1,466",3.7,"39,492","38,284","1,208",3.1,"38,922","37,748","1,174",3,"38,352","37,127","1,225",3.2,"37,491","35,475","2,016",5.4,"58,248",90.8
WI,Price,9,12,0,"8,379","7,959",420,5,"8,511","8,047",464,5.5,"8,424","7,986",438,5.2,"8,658","8,179",479,5.5,"8,593","8,189",404,4.7,"8,648","8,224",424,4.9,"8,690","8,218",472,5.4,"8,230","7,817",413,5,"8,373","7,946",427,5.1,"8,384","7,430",954,11.4,"7,564","6,751",813,10.7,"7,208","6,579",629,8.7,"7,040","6,519",521,7.4,"6,853","6,384",469,6.8,"6,770","6,410",360,5.3,"6,834","6,537",297,4.3,"6,864","6,576",288,4.2,"6,771","6,519",252,3.7,"6,607","6,361",246,3.7,"6,427","6,149",278,4.3,"6,209","5,785",424,6.8,"48,761",76
WI,Racine,3,2,1,"99,510","95,639","3,871",3.9,"99,576","94,049","5,527",5.6,"99,175","92,816","6,359",6.4,"99,758","92,776","6,982",7,"99,727","93,779","5,948",6,"98,795","92,931","5,864",5.9,"99,622","94,067","5,555",5.6,"100,239","94,452","5,787",5.8,"100,113","94,253","5,860",5.9,"99,862","89,191","10,671",10.7,"100,315","90,325","9,990",10,"100,238","91,402","8,836",8.8,"100,290","92,031","8,259",8.2,"99,697","91,452","8,245",8.3,"99,713","93,226","6,487",6.5,"99,081","93,644","5,437",5.5,"99,453","94,662","4,791",4.8,"99,344","95,333","4,011",4,"98,765","95,174","3,591",3.6,"98,071","94,146","3,925",4,"97,155","90,104","7,051",7.3,"61,691",96.1
WI,Richland,6,6,0,"9,621","9,291",330,3.4,"9,782","9,374",408,4.2,"9,872","9,421",451,4.6,"10,196","9,719",477,4.7,"10,051","9,584",467,4.6,"9,862","9,436",426,4.3,"9,967","9,508",459,4.6,"9,939","9,428",511,5.1,"10,257","9,768",489,4.8,"10,195","9,254",941,9.2,"9,637","8,784",853,8.9,"9,652","8,952",700,7.3,"9,699","9,102",597,6.2,"9,346","8,782",564,6,"9,298","8,835",463,5,"9,271","8,891",380,4.1,"9,240","8,901",339,3.7,"9,256","8,980",276,3,"9,258","9,014",244,2.6,"9,156","8,873",283,3.1,"9,009","8,551",458,5.1,"51,295",79.9
WI,Rock,3,2,1,"82,624","79,202","3,422",4.1,"83,335","78,765","4,570",5.5,"82,318","77,295","5,023",6.1,"82,805","77,699","5,106",6.2,"83,112","78,484","4,628",5.6,"83,437","78,544","4,893",5.9,"84,364","80,166","4,198",5,"84,369","79,712","4,657",5.5,"83,733","78,444","5,289",6.3,"82,897","72,030","10,867",13.1,"82,708","73,550","9,158",11.1,"80,950","73,427","7,523",9.3,"81,306","74,650","6,656",8.2,"82,138","75,851","6,287",7.7,"82,181","77,215","4,966",6,"83,122","78,910","4,212",5.1,"83,884","80,279","3,605",4.3,"84,980","81,855","3,125",3.7,"84,652","81,889","2,763",3.3,"85,141","82,033","3,108",3.7,"84,935","78,908","6,027",7.1,"61,624",96
WI,Rusk,6,6,0,"7,912","7,505",407,5.1,"7,939","7,469",470,5.9,"7,917","7,391",526,6.6,"7,859","7,349",510,6.5,"7,863","7,366",497,6.3,"8,015","7,513",502,6.3,"7,903","7,387",516,6.5,"7,303","6,778",525,7.2,"7,265","6,751",514,7.1,"7,427","6,424","1,003",13.5,"7,140","6,278",862,12.1,"6,865","6,125",740,10.8,"6,772","6,169",603,8.9,"6,731","6,161",570,8.5,"6,985","6,534",451,6.5,"6,978","6,605",373,5.3,"6,983","6,634",349,5,"6,965","6,658",307,4.4,"6,927","6,652",275,4,"6,693","6,373",320,4.8,"6,581","6,144",437,6.6,"49,860",77.7
WI,St.Croix,1,1,1,"37,918","37,016",902,2.4,"39,343","37,861","1,482",3.8,"40,529","38,287","2,242",5.5,"42,328","39,843","2,485",5.9,"43,486","41,374","2,112",4.9,"44,750","42,696","2,054",4.6,"46,861","44,584","2,277",4.9,"47,326","45,041","2,285",4.8,"47,650","45,495","2,155",4.5,"47,498","43,509","3,989",8.4,"47,093","43,566","3,527",7.5,"47,418","44,459","2,959",6.2,"47,437","44,756","2,681",5.7,"47,803","45,251","2,552",5.3,"48,256","46,130","2,126",4.4,"48,697","46,875","1,822",3.7,"49,537","47,714","1,823",3.7,"49,999","48,447","1,552",3.1,"50,265","48,738","1,527",3,"50,489","48,838","1,651",3.3,"49,739","46,223","3,516",7.1,"87,098",135.7
WI,Sauk,4,5,0,"33,222","32,242",980,2.9,"34,277","33,025","1,252",3.7,"34,088","32,565","1,523",4.5,"34,859","33,213","1,646",4.7,"34,341","32,822","1,519",4.4,"34,299","32,778","1,521",4.4,"34,867","33,319","1,548",4.4,"35,049","33,423","1,626",4.6,"35,373","33,619","1,754",5,"35,845","32,744","3,101",8.7,"35,869","32,906","2,963",8.3,"35,923","33,260","2,663",7.4,"35,592","33,177","2,415",6.8,"35,375","33,181","2,194",6.2,"34,945","33,229","1,716",4.9,"35,218","33,806","1,412",4,"35,144","33,921","1,223",3.5,"35,422","34,397","1,025",2.9,"35,420","34,511",909,2.6,"35,475","34,460","1,015",2.9,"34,355","31,770","2,585",7.5,"63,752",99.3
WI,Sawyer,7,12,0,"8,433","7,991",442,5.2,"8,785","8,276",509,5.8,"9,176","8,606",570,6.2,"9,014","8,387",627,7,"9,224","8,668",556,6,"9,375","8,817",558,6,"9,363","8,770",593,6.3,"9,566","8,928",638,6.7,"9,161","8,513",648,7.1,"9,130","8,176",954,10.4,"8,394","7,463",931,11.1,"8,156","7,272",884,10.8,"8,261","7,386",875,10.6,"8,184","7,296",888,10.9,"7,942","7,243",699,8.8,"7,787","7,187",600,7.7,"7,893","7,413",480,6.1,"7,970","7,601",369,4.6,"7,918","7,577",341,4.3,"7,958","7,591",367,4.6,"7,910","7,289",621,7.9,"53,908",84
WI,Shawano,6,5,0,"22,057","21,269",788,3.6,"22,432","21,364","1,068",4.8,"22,515","21,307","1,208",5.4,"22,922","21,644","1,278",5.6,"22,410","21,274","1,136",5.1,"22,471","21,371","1,100",4.9,"22,537","21,409","1,128",5,"22,163","21,018","1,145",5.2,"22,219","21,049","1,170",5.3,"22,774","20,565","2,209",9.7,"21,892","19,689","2,203",10.1,"21,718","19,784","1,934",8.9,"21,593","19,894","1,699",7.9,"21,460","19,869","1,591",7.4,"21,270","20,026","1,244",5.8,"21,231","20,221","1,010",4.8,"21,235","20,375",860,4,"21,377","20,692",685,3.2,"21,318","20,674",644,3,"20,969","20,306",663,3.2,"20,791","19,463","1,328",6.4,"58,982",91.9
WI,Sheboygan,3,2,1,"64,388","62,790","1,598",2.5,"64,514","62,056","2,458",3.8,"64,107","61,026","3,081",4.8,"64,288","61,032","3,256",5.1,"64,088","61,254","2,834",4.4,"64,731","62,156","2,575",4,"65,462","62,910","2,552",3.9,"66,079","63,339","2,740",4.1,"65,838","62,849","2,989",4.5,"65,203","58,953","6,250",9.6,"62,269","56,584","5,685",9.1,"60,899","56,044","4,855",8,"60,238","56,175","4,063",6.7,"60,745","57,074","3,671",6,"61,151","58,410","2,741",4.5,"61,110","58,857","2,253",3.7,"61,579","59,535","2,044",3.3,"62,367","60,643","1,724",2.8,"62,275","60,708","1,567",2.5,"61,926","60,261","1,665",2.7,"61,510","57,996","3,514",5.7,"62,108",96.8
WI,Taylor,6,6,0,"10,985","10,577",408,3.7,"11,122","10,578",544,4.9,"11,182","10,590",592,5.3,"11,689","11,027",662,5.7,"11,401","10,801",600,5.3,"11,132","10,521",611,5.5,"10,980","10,438",542,4.9,"10,469","9,880",589,5.6,"10,476","9,780",696,6.6,"10,804","9,505","1,299",12,"11,450","10,296","1,154",10.1,"11,266","10,337",929,8.2,"11,065","10,283",782,7.1,"10,985","10,286",699,6.4,"10,625","10,067",558,5.3,"10,672","10,214",458,4.3,"11,048","10,605",443,4,"11,074","10,691",383,3.5,"10,990","10,647",343,3.1,"10,885","10,494",391,3.6,"10,905","10,372",533,4.9,"52,419",81.7
WI,Trempealeau,6,6,0,"15,428","14,823",605,3.9,"15,742","14,951",791,5,"15,777","14,914",863,5.5,"15,840","14,929",911,5.8,"15,807","15,052",755,4.8,"15,795","15,102",693,4.4,"16,223","15,534",689,4.2,"16,308","15,590",718,4.4,"16,219","15,470",749,4.6,"16,370","15,075","1,295",7.9,"15,998","14,810","1,188",7.4,"16,165","15,119","1,046",6.5,"16,350","15,432",918,5.6,"16,411","15,501",910,5.5,"16,508","15,767",741,4.5,"16,576","15,943",633,3.8,"16,622","16,024",598,3.6,"16,415","15,916",499,3,"16,248","15,784",464,2.9,"15,880","15,320",560,3.5,"15,607","14,512","1,095",7,"61,687",96.1
WI,Vernon,6,6,0,"14,365","13,835",530,3.7,"14,643","13,970",673,4.6,"14,822","14,035",787,5.3,"15,283","14,484",799,5.2,"14,762","14,069",693,4.7,"14,277","13,628",649,4.5,"14,433","13,748",685,4.7,"14,215","13,488",727,5.1,"14,695","13,969",726,4.9,"15,303","14,055","1,248",8.2,"15,173","13,997","1,176",7.8,"15,146","14,117","1,029",6.8,"15,026","14,083",943,6.3,"15,131","14,235",896,5.9,"15,026","14,310",716,4.8,"15,456","14,836",620,4,"15,716","15,158",558,3.6,"15,680","15,198",482,3.1,"15,401","14,956",445,2.9,"15,325","14,834",491,3.2,"14,896","14,119",777,5.2,"56,272",87.7
WI,Vilas,9,12,0,"10,969","10,428",541,4.9,"11,311","10,700",611,5.4,"11,707","11,008",699,6,"11,654","10,848",806,6.9,"11,845","11,096",749,6.3,"11,799","11,094",705,6,"11,790","11,086",704,6,"11,585","10,857",728,6.3,"11,277","10,545",732,6.5,"11,043","9,901","1,142",10.3,"10,343","9,197","1,146",11.1,"10,126","9,045","1,081",10.7,"10,080","9,087",993,9.9,"10,175","9,152","1,023",10.1,"10,066","9,228",838,8.3,"9,970","9,287",683,6.9,"9,943","9,394",549,5.5,"10,129","9,692",437,4.3,"10,110","9,710",400,4,"10,171","9,751",420,4.1,"10,221","9,480",741,7.2,"55,576",86.6
WI,Walworth,4,3,0,"53,984","52,434","1,550",2.9,"54,931","52,799","2,132",3.9,"55,443","52,760","2,683",4.8,"56,234","53,521","2,713",4.8,"56,268","53,815","2,453",4.4,"56,027","53,674","2,353",4.2,"56,212","53,825","2,387",4.2,"56,078","53,531","2,547",4.5,"56,663","53,942","2,721",4.8,"56,421","51,080","5,341",9.5,"56,391","51,392","4,999",8.9,"56,124","51,754","4,370",7.8,"55,965","51,974","3,991",7.1,"56,775","52,919","3,856",6.8,"56,932","53,825","3,107",5.5,"56,843","54,266","2,577",4.5,"57,550","55,307","2,243",3.9,"57,751","55,868","1,883",3.3,"58,021","56,308","1,713",3,"57,540","55,686","1,854",3.2,"56,322","52,906","3,416",6.1,"64,682",100.8
WI,Washburn,7,11,0,"8,006","7,602",404,5,"8,197","7,711",486,5.9,"8,110","7,556",554,6.8,"8,299","7,696",603,7.3,"8,241","7,729",512,6.2,"8,313","7,804",509,6.1,"8,109","7,584",525,6.5,"7,898","7,367",531,6.7,"7,861","7,333",528,6.7,"7,989","7,173",816,10.2,"8,046","7,278",768,9.5,"7,963","7,271",692,8.7,"8,077","7,449",628,7.8,"7,995","7,406",589,7.4,"7,921","7,435",486,6.1,"7,935","7,519",416,5.2,"7,952","7,566",386,4.9,"7,889","7,581",308,3.9,"7,882","7,576",306,3.9,"7,785","7,474",311,4,"7,777","7,240",537,6.9,"52,735",82.2
WI,Washington,1,1,1,"69,852","67,919","1,933",2.8,"70,529","67,831","2,698",3.8,"70,322","66,942","3,380",4.8,"71,002","67,281","3,721",5.2,"71,551","68,364","3,187",4.5,"72,187","69,171","3,016",4.2,"74,115","71,096","3,019",4.1,"73,847","70,721","3,126",4.2,"74,643","71,361","3,282",4.4,"75,133","68,312","6,821",9.1,"75,652","69,648","6,004",7.9,"75,115","70,108","5,007",6.7,"74,981","70,463","4,518",6,"75,244","70,976","4,268",5.7,"75,688","72,299","3,389",4.5,"75,890","73,109","2,781",3.7,"77,012","74,493","2,519",3.3,"77,479","75,334","2,145",2.8,"77,263","75,285","1,978",2.6,"77,028","74,867","2,161",2.8,"75,700","71,445","4,255",5.6,"81,928",127.7
WI,Waukesha,1,1,1,"210,606","204,958","5,648",2.7,"211,507","203,911","7,596",3.6,"211,121","201,398","9,723",4.6,"212,431","202,187","10,244",4.8,"212,367","203,448","8,919",4.2,"212,463","204,297","8,166",3.8,"216,847","208,751","8,096",3.7,"214,237","205,727","8,510",4,"214,939","206,260","8,679",4,"213,797","196,928","16,869",7.9,"218,197","202,455","15,742",7.2,"217,340","203,655","13,685",6.3,"217,385","205,067","12,318",5.7,"218,987","207,001","11,986",5.5,"220,344","210,721","9,623",4.4,"220,891","212,689","8,202",3.7,"224,280","216,710","7,570",3.4,"225,376","218,875","6,501",2.9,"224,836","218,839","5,997",2.7,"224,406","217,978","6,428",2.9,"220,498","208,246","12,252",5.6,"91,070",141.9
WI,Waupaca,6,6,0,"27,822","26,899",923,3.3,"28,148","26,860","1,288",4.6,"28,221","26,722","1,499",5.3,"28,574","26,943","1,631",5.7,"28,232","26,758","1,474",5.2,"28,080","26,591","1,489",5.3,"28,554","27,148","1,406",4.9,"28,190","26,716","1,474",5.2,"28,106","26,588","1,518",5.4,"28,508","25,655","2,853",10,"27,748","25,180","2,568",9.3,"27,635","25,392","2,243",8.1,"27,351","25,310","2,041",7.5,"27,345","25,362","1,983",7.3,"27,287","25,765","1,522",5.6,"26,970","25,748","1,222",4.5,"26,902","25,864","1,038",3.9,"26,509","25,670",839,3.2,"26,152","25,379",773,3,"25,795","24,970",825,3.2,"25,439","24,028","1,411",5.5,"61,773",96.3
WI,Waushara,6,6,0,"11,801","11,313",488,4.1,"12,366","11,715",651,5.3,"12,381","11,614",767,6.2,"12,713","11,880",833,6.6,"12,554","11,808",746,5.9,"12,635","11,935",700,5.5,"12,871","12,157",714,5.5,"12,715","11,985",730,5.7,"12,740","11,983",757,5.9,"12,910","11,574","1,336",10.3,"12,028","10,755","1,273",10.6,"11,884","10,749","1,135",9.6,"12,000","10,968","1,032",8.6,"11,822","10,816","1,006",8.5,"11,600","10,782",818,7.1,"11,454","10,751",703,6.1,"11,447","10,886",561,4.9,"11,374","10,925",449,3.9,"11,557","11,154",403,3.5,"11,376","10,922",454,4,"11,080","10,378",702,6.3,"55,476",86.4
WI,Winnebago,3,2,1,"89,669","87,231","2,438",2.7,"91,472","88,058","3,414",3.7,"92,001","87,500","4,501",4.9,"91,806","86,958","4,848",5.3,"91,470","87,262","4,208",4.6,"91,444","87,390","4,054",4.4,"92,589","88,505","4,084",4.4,"93,680","89,486","4,194",4.5,"94,585","90,394","4,191",4.4,"95,576","87,892","7,684",8,"92,492","85,419","7,073",7.6,"92,192","85,864","6,328",6.9,"92,400","86,346","6,054",6.6,"91,645","85,832","5,813",6.3,"91,483","86,781","4,702",5.1,"91,233","87,453","3,780",4.1,"92,838","89,604","3,234",3.5,"93,311","90,538","2,773",3,"91,785","89,260","2,525",2.8,"91,079","88,386","2,693",3,"91,236","86,270","4,966",5.4,"59,643",92.9
WI,Wood,4,5,0,"40,907","39,344","1,563",3.8,"41,138","39,174","1,964",4.8,"40,963","38,601","2,362",5.8,"41,312","38,885","2,427",5.9,"40,299","37,997","2,302",5.7,"39,661","37,417","2,244",5.7,"40,192","38,080","2,112",5.3,"41,920","39,738","2,182",5.2,"42,148","39,838","2,310",5.5,"42,046","38,187","3,859",9.2,"39,985","36,337","3,648",9.1,"39,906","36,663","3,243",8.1,"39,666","36,722","2,944",7.4,"38,995","36,178","2,817",7.2,"34,716","32,431","2,285",6.6,"34,328","32,481","1,847",5.4,"34,518","32,929","1,589",4.6,"34,902","33,603","1,299",3.7,"35,086","33,872","1,214",3.5,"34,956","33,647","1,309",3.7,"34,538","32,233","2,305",6.7,"57,325",89.3
